{
  "banking": {
    "tfidf": {
      "n_queries": 25,
      "precision@1": 0.92,
      "recall@1": 0.92,
      "ndcg@1": 0.92,
      "precision@3": 0.33333333333333326,
      "recall@3": 1.0,
      "ndcg@3": 0.9704743802857166,
      "precision@5": 0.2,
      "recall@5": 1.0,
      "ndcg@5": 0.9704743802857166,
      "precision@10": 0.1,
      "recall@10": 1.0,
      "ndcg@10": 0.9704743802857166,
      "mrr": 0.96,
      "retriever": "tfidf",
      "index_seconds": 0.126,
      "mean_latency_ms": 1.54,
      "p95_latency_ms": 0.89
    },
    "bm25": {
      "n_queries": 25,
      "precision@1": 0.72,
      "recall@1": 0.72,
      "ndcg@1": 0.72,
      "precision@3": 0.29333333333333333,
      "recall@3": 0.88,
      "ndcg@3": 0.8104743802857166,
      "precision@5": 0.18400000000000002,
      "recall@5": 0.92,
      "ndcg@5": 0.8277014426086524,
      "precision@10": 0.09200000000000001,
      "recall@10": 0.92,
      "ndcg@10": 0.8277014426086524,
      "mrr": 0.7966666666666667,
      "retriever": "bm25",
      "index_seconds": 0.001,
      "mean_latency_ms": 0.1,
      "p95_latency_ms": 0.2
    },
    "hybrid": {
      "n_queries": 25,
      "precision@1": 0.88,
      "recall@1": 0.88,
      "ndcg@1": 0.88,
      "precision@3": 0.32,
      "recall@3": 0.96,
      "ndcg@3": 0.9304743802857166,
      "precision@5": 0.2,
      "recall@5": 1.0,
      "ndcg@5": 0.9477014426086524,
      "precision@10": 0.1,
      "recall@10": 1.0,
      "ndcg@10": 0.9477014426086524,
      "mrr": 0.93,
      "retriever": "hybrid(alpha=0.6)",
      "index_seconds": 0.023,
      "mean_latency_ms": 0.43,
      "p95_latency_ms": 0.61
    }
  },
  "legal": {
    "tfidf": {
      "n_queries": 25,
      "precision@1": 0.96,
      "recall@1": 0.96,
      "ndcg@1": 0.96,
      "precision@3": 0.33333333333333326,
      "recall@3": 1.0,
      "ndcg@3": 0.98,
      "precision@5": 0.2,
      "recall@5": 1.0,
      "ndcg@5": 0.98,
      "precision@10": 0.1,
      "recall@10": 1.0,
      "ndcg@10": 0.98,
      "mrr": 0.9733333333333333,
      "retriever": "tfidf",
      "index_seconds": 0.016,
      "mean_latency_ms": 0.5,
      "p95_latency_ms": 0.6
    },
    "bm25": {
      "n_queries": 25,
      "precision@1": 0.56,
      "recall@1": 0.56,
      "ndcg@1": 0.56,
      "precision@3": 0.2533333333333333,
      "recall@3": 0.76,
      "ndcg@3": 0.6704743802857166,
      "precision@5": 0.168,
      "recall@5": 0.84,
      "ndcg@5": 0.703175554898034,
      "precision@10": 0.08800000000000001,
      "recall@10": 0.88,
      "ndcg@10": 0.7157941499694631,
      "mrr": 0.6629999999999999,
      "retriever": "bm25",
      "index_seconds": 0.001,
      "mean_latency_ms": 0.06,
      "p95_latency_ms": 0.09
    },
    "hybrid": {
      "n_queries": 25,
      "precision@1": 0.8,
      "recall@1": 0.8,
      "ndcg@1": 0.8,
      "precision@3": 0.32,
      "recall@3": 0.96,
      "ndcg@3": 0.9009487605714332,
      "precision@5": 0.2,
      "recall@5": 1.0,
      "ndcg@5": 0.9164228728608148,
      "precision@10": 0.1,
      "recall@10": 1.0,
      "ndcg@10": 0.9164228728608148,
      "mrr": 0.888,
      "retriever": "hybrid(alpha=0.6)",
      "index_seconds": 0.017,
      "mean_latency_ms": 0.39,
      "p95_latency_ms": 0.62
    }
  }
}