{
  "tfidf": {
    "n_queries": 25,
    "precision@1": 0.92,
    "recall@1": 0.92,
    "ndcg@1": 0.92,
    "precision@3": 0.33333333333333326,
    "recall@3": 1.0,
    "ndcg@3": 0.9704743802857166,
    "precision@5": 0.2,
    "recall@5": 1.0,
    "ndcg@5": 0.9704743802857166,
    "precision@10": 0.1,
    "recall@10": 1.0,
    "ndcg@10": 0.9704743802857166,
    "mrr": 0.96,
    "retriever": "tfidf",
    "index_seconds": 0.025,
    "mean_latency_ms": 0.4,
    "p95_latency_ms": 0.52
  },
  "bm25": {
    "n_queries": 25,
    "precision@1": 0.72,
    "recall@1": 0.72,
    "ndcg@1": 0.72,
    "precision@3": 0.29333333333333333,
    "recall@3": 0.88,
    "ndcg@3": 0.8104743802857166,
    "precision@5": 0.18400000000000002,
    "recall@5": 0.92,
    "ndcg@5": 0.8277014426086524,
    "precision@10": 0.09200000000000001,
    "recall@10": 0.92,
    "ndcg@10": 0.8277014426086524,
    "mrr": 0.7966666666666667,
    "retriever": "bm25",
    "index_seconds": 0.001,
    "mean_latency_ms": 0.09,
    "p95_latency_ms": 0.16
  },
  "hybrid": {
    "n_queries": 25,
    "precision@1": 0.88,
    "recall@1": 0.88,
    "ndcg@1": 0.88,
    "precision@3": 0.32,
    "recall@3": 0.96,
    "ndcg@3": 0.9304743802857166,
    "precision@5": 0.2,
    "recall@5": 1.0,
    "ndcg@5": 0.9477014426086524,
    "precision@10": 0.1,
    "recall@10": 1.0,
    "ndcg@10": 0.9477014426086524,
    "mrr": 0.93,
    "retriever": "hybrid(alpha=0.6)",
    "index_seconds": 0.023,
    "mean_latency_ms": 0.55,
    "p95_latency_ms": 0.63
  }
}